INSERT INTO student (sno, sname, ssex, sage) VALUES
  (1506300001, '塔兹米', '男', 21),
  (1506300002, '赤瞳', '女', 20),
  (1506300007, '玛茵', '女', 21),
  (1506300018, '雷欧奈', '女', 22),
  (1506300037, '拉伯克', '男', 22),
  (1506300049, '希尔', '女', 21),
  (1506300050, '布兰德', '男', 21),
  (1506300052, '须佐之男', '男', 21),
  (1506300051, '威尔', '男', 22),
  (1506300003, '兰', '女', 21),
  (1506300004, '切尔茜', '女', 20),
  (1506300005, '黑瞳', '女', 19),
  (1506300006, 'Dr.时尚', '男', 23);


INSERT INTO teacher (tno, tname, ttitle, tsalary) VALUES
  (103345, '利瓦', '副教授', 15000),
  (103456, '步德大将军', '副教授', 13500),
  (103100, '梁颖', '副教授', 12500),
  (103789, '奥内斯特大臣', '副教授', 14300),
  (103369, '娜洁希坦', '讲师', 11000),
  (103269, '伯利克', '讲师', 11500),
  (103132, '爱丽雅', '讲师', 12100),
  (103258, '朱天', '教授', 21500),
  (103357, '以藏', '教授', 20500),
  (103247, '多特雅', '教授', 22300),
  (103147, '艾斯德斯', '副院长', 31500),
  (103256, '格林', '副院长', 33500),
  (103159, '娜洁塔', '院长', 55000);


INSERT INTO course (cname, ccredit, cselected, ctotal, tno) VALUES
  ('高等数学', 5, 0, 150, 103345),
  ('离散数学', 3, 0, 148, 103456),
  ('体育', 1, 0, 300, 103789),
  ('口语', 1, 0, 500, 103100),
  ('计算机网络', 3, 0, 150, 103369),
  ('操作系统', 3, 0, 150, 103269),
  ('组成原理', 3, 0, 135, 103132),
  ('人工智能', 1, 0, 100, 103258),
  ('UML面向对象', 2, 0, 150, 103357),
  ('编译原理', 3, 0, 300, 103159),
  ('软件工程导论', 2, 0, 250, 103256),
  ('大学物理', 2, 0, 135, 103147),
  ('计算机导论', 1, 0, 148, 103247);


INSERT INTO sc (sno, cno, score) VALUES
  /*(1506300052,1001,91),
  (1506300052,1002,87),
  (1506300052,1003,92),
  (1506300052,1004,91),*/
  (1506300001, 1005, 75),
  (1506300002, 1006, 72),
  (1506300007, 1007, 86),
  (1506300018, 1008, 93),
  (1506300037, 1009, 90),
  (1506300049, 1010, 91),
  (1506300050, 1011, 86),
  (1506300052, 1012, 87),
  (1506300051, 1000, 83),
  (1506300003, 1001, 75),
  (1506300004, 1002, 83),
  (1506300005, 1003, 81),
  (1506300006, 1004, 85),
  (1506300049, 1005, 78),
  (1506300050, 1006, 90),
  (1506300052, 1007, 92),
  (1506300051, 1008, 84),
  (1506300003, 1009, 73),
  (1506300004, 1010, 75),
  (1506300005, 1011, 82),
  (1506300006, 1012, 87),
  (1506300001, 1000, 75),
  (1506300002, 1001, 72),
  (1506300007, 1002, 86),
  (1506300018, 1003, 93),
  (1506300037, 1004, 90),
  (1506300049, 1000, 91),
  (1506300050, 1001, 86);


INSERT INTO manager (tno, tpwd) VALUES
  (103159, '123456');

COMMIT;

